p.case_id,i.name,i.dimension
175,white european,race-ethnicity
66,mexican american/latina,race-ethnicity
188,unknown,age
191,faggot,lgbtqia
218,helps children,religion
357,24,age
398,24,age
177,24,age
334,24,age
349,24,age
392,24,age
173,24,age
194,24,age
378,24,age
146,24,age
299,24,age
135,24,age
361,24,age
407,24,age
381,24,age
302,24,age
192,24,age
124,24,age
388,24,age
406,24,age
109,24,age
11,24,age
228,24,age
31,24,age
345,24,age
32,24,age
117,24,age
313,24,age
220,24,age
141,24,age
134,24,age
215,24,age
151,indian,race-ethnicity
238,indian,race-ethnicity
357,indian,race-ethnicity
65,indian,race-ethnicity
78,indian,race-ethnicity
146,indian,race-ethnicity
371,indian,race-ethnicity
5,indian,race-ethnicity
12,indian,race-ethnicity
152,indian,race-ethnicity
399,indian,race-ethnicity
83,indian,race-ethnicity
38,indian,race-ethnicity
183,indian,race-ethnicity
138,indian,race-ethnicity
95,indian,race-ethnicity
31,indian,race-ethnicity
32,indian,race-ethnicity
117,indian,race-ethnicity
101,indian,race-ethnicity
220,indian,race-ethnicity
165,indian,race-ethnicity
203,indian,race-ethnicity
53,atheist,religion
90,atheist,religion
217,atheist,religion
14,atheist,religion
46,atheist,religion
175,atheist,religion
64,atheist,religion
40,atheist,religion
301,atheist,religion
56,atheist,religion
373,atheist,religion
55,atheist,religion
27,atheist,religion
133,atheist,religion
203,atheist,religion
136,atheist,religion
222,hindu not practicing,religion
295,ecuadorian,race-ethnicity
213,cisgender female,gender
378,cisgender female,gender
373,cisgender female,gender
10,cisgender female,gender
205,cisgender female,gender
72,evil yt man (translation white),race-ethnicity
82,serbian,race-ethnicity
303,traditional,lgbtqia
37,various neurodivergencies,neurodiversity
97,stable class,class
238,hindu,religion
9,hindu,religion
299,hindu,religion
371,hindu,religion
361,hindu,religion
121,hindu,religion
138,hindu,religion
95,hindu,religion
117,hindu,religion
382,hindu,religion
134,hindu,religion
37,n/a,gender
193,none,pronouns
37,none,pronouns
226,heterosexual,lgbtqia
153,heterosexual,lgbtqia
308,heterosexual,lgbtqia
146,heterosexual,lgbtqia
371,heterosexual,lgbtqia
388,heterosexual,lgbtqia
409,heterosexual,lgbtqia
303,heterosexual,lgbtqia
385,heterosexual,lgbtqia
161,heterosexual,lgbtqia
369,heterosexual,lgbtqia
153,united church of christ,religion
120,28,age
162,28,age
80,28,age
391,28,age
363,28,age
233,28,age
307,28,age
26,28,age
195,28,age
238,mental health condition(s),neurodiversity
405,mental health condition(s),neurodiversity
28,mental health condition(s),neurodiversity
167,mental health condition(s),neurodiversity
155,mental health condition(s),neurodiversity
201,mental health condition(s),neurodiversity
175,"\""not an alphabet person\""",lgbtqia
213,social anxiety,neurodiversity
238,social anxiety,neurodiversity
48,social anxiety,neurodiversity
81,social anxiety,neurodiversity
68,social anxiety,neurodiversity
393,social anxiety,neurodiversity
197,social anxiety,neurodiversity
198,social anxiety,neurodiversity
188,social anxiety,neurodiversity
229,social anxiety,neurodiversity
66,social anxiety,neurodiversity
181,social anxiety,neurodiversity
117,social anxiety,neurodiversity
189,social anxiety,neurodiversity
134,social anxiety,neurodiversity
97,social anxiety,neurodiversity
369,social anxiety,neurodiversity
373,neurotypical,neurodiversity
48,man,gender
100,man,gender
304,man,gender
76,man,gender
60,man,gender
82,man,gender
216,man,gender
162,non denominational,religion
193,disabled,disability
213,disabled,disability
112,disabled,disability
53,disabled,disability
19,disabled,disability
171,disabled,disability
63,disabled,disability
75,disabled,disability
34,disabled,disability
377,disabled,disability
184,disabled,disability
393,disabled,disability
186,disabled,disability
14,disabled,disability
159,disabled,disability
173,disabled,disability
197,disabled,disability
103,disabled,disability
378,disabled,disability
46,disabled,disability
164,disabled,disability
391,disabled,disability
22,disabled,disability
87,disabled,disability
174,disabled,disability
147,disabled,disability
190,disabled,disability
407,disabled,disability
234,disabled,disability
192,disabled,disability
388,disabled,disability
230,disabled,disability
28,disabled,disability
167,disabled,disability
160,disabled,disability
390,disabled,disability
181,disabled,disability
71,disabled,disability
172,disabled,disability
109,disabled,disability
15,disabled,disability
84,disabled,disability
42,disabled,disability
11,disabled,disability
79,disabled,disability
51,disabled,disability
27,disabled,disability
366,disabled,disability
62,disabled,disability
26,disabled,disability
2,disabled,disability
314,disabled,disability
313,disabled,disability
122,disabled,disability
202,disabled,disability
154,disabled,disability
43,disabled,disability
169,disabled,disability
359,disabled,disability
52,disabled,disability
204,disabled,disability
176,disabled,disability
205,disabled,disability
218,disabled,disability
104,disabled,disability
20,disabled,disability
17,neurodiveregent,disability
93,asian-indian,race-ethnicity
306,straight,lgbtqia
225,straight,lgbtqia
180,straight,lgbtqia
358,straight,lgbtqia
217,straight,lgbtqia
392,straight,lgbtqia
178,straight,lgbtqia
295,straight,lgbtqia
361,straight,lgbtqia
399,straight,lgbtqia
386,straight,lgbtqia
406,straight,lgbtqia
228,straight,lgbtqia
219,straight,lgbtqia
408,straight,lgbtqia
222,straight,lgbtqia
141,straight,lgbtqia
195,straight,lgbtqia
176,straight,lgbtqia
87,uses rosary,religion
27,memory disability,disability
48,jew,race-ethnicity
172,major depression,disability
313,auditory processing disorder,disability
218,mental health challenges,disability
303,muslim from ancestors,religion
368,22,age
29,22,age
86,22,age
50,22,age
14,22,age
103,22,age
77,22,age
380,22,age
240,22,age
343,22,age
365,22,age
206,22,age
158,22,age
370,22,age
27,22,age
403,22,age
155,22,age
196,22,age
56,white american,race-ethnicity
74,white american,race-ethnicity
62,white american,race-ethnicity
227,ocd,neurodiversity
48,ocd,neurodiversity
186,ocd,neurodiversity
173,ocd,neurodiversity
77,ocd,neurodiversity
179,ocd,neurodiversity
135,ocd,neurodiversity
181,ocd,neurodiversity
155,ocd,neurodiversity
356,ocd,neurodiversity
216,ocd,neurodiversity
104,ocd,neurodiversity
80,evolving class,class
94,jewish (culture/ethnicity),religion
94,does not identify with israel,religion
378,neurodivergence,disability
135,white and asian,race-ethnicity
385,disability,disability
197,social anxiety,disability
112,middle class in the u.s.,class
52,trouble connecting to people,neurodiversity
234,disabled,neurodiversity
124,disabled,neurodiversity
85,disabled,neurodiversity
93,wanders,neurodiversity
71,visual impairment,disability
122,chooses non toxic beliefs,religion
12,jainism,religion
122,not traditional,religion
185,severe sensory sensitivity,neurodiversity
122,rejects toxic white male tyrants,religion
122,hidradentis suppuritiva,disability
122,mobility condition,disability
63,adhd,disability
17,adhd,disability
103,adhd,disability
378,adhd,disability
22,adhd,disability
212,adhd,disability
190,adhd,disability
192,adhd,disability
396,adhd,disability
366,adhd,disability
62,adhd,disability
176,adhd,disability
91,adhd,disability
129,autism,disability
59,autism,disability
390,autism,disability
185,autism,disability
84,autism,disability
366,autism,disability
62,autism,disability
60,autism,disability
198,autism,neurodiversity
59,autism,neurodiversity
409,autism,neurodiversity
390,autism,neurodiversity
181,autism,neurodiversity
185,autism,neurodiversity
6,autism,neurodiversity
366,autism,neurodiversity
85,autism,neurodiversity
62,autism,neurodiversity
60,autism,neurodiversity
154,autism,neurodiversity
356,autism,neurodiversity
43,autism,neurodiversity
296,autism,neurodiversity
52,autism,neurodiversity
176,autism,neurodiversity
104,autism,neurodiversity
20,autism,neurodiversity
48,neurotic,neurodiversity
189,"\""don’t like describing myself as gay but i am\""",lgbtqia
124,no struggles,class
147,white/eastern european,race-ethnicity
167,chronic illnesses,disability
167,demigirl,gender
199,with lesbian mothers,lgbtqia
199,pansexual,lgbtqia
197,pansexual,lgbtqia
174,pansexual,lgbtqia
157,pansexual,lgbtqia
192,pansexual,lgbtqia
216,pro-lgbtqia+,lgbtqia
138,a good life,religion
138,balance,religion
378,ocd (self-diagnosed),disability
104,ocd (self-diagnosed),disability
218,nonbinary,lgbtqia
138,connecting with many gods,religion
50,wiccan,religion
349,comfortable working class,class
213,neurodivergent,neurodiversity
227,neurodivergent,neurodiversity
35,neurodivergent,neurodiversity
48,neurodivergent,neurodiversity
112,neurodivergent,neurodiversity
53,neurodivergent,neurodiversity
44,neurodivergent,neurodiversity
199,neurodivergent,neurodiversity
171,neurodivergent,neurodiversity
63,neurodivergent,neurodiversity
81,neurodivergent,neurodiversity
184,neurodivergent,neurodiversity
102,neurodivergent,neurodiversity
105,neurodivergent,neurodiversity
17,neurodivergent,neurodiversity
186,neurodivergent,neurodiversity
187,neurodivergent,neurodiversity
14,neurodivergent,neurodiversity
392,neurodivergent,neurodiversity
173,neurodivergent,neurodiversity
194,neurodivergent,neurodiversity
197,neurodivergent,neurodiversity
198,neurodivergent,neurodiversity
103,neurodivergent,neurodiversity
77,neurodivergent,neurodiversity
378,neurodivergent,neurodiversity
179,neurodivergent,neurodiversity
87,neurodivergent,neurodiversity
212,neurodivergent,neurodiversity
174,neurodivergent,neurodiversity
135,neurodivergent,neurodiversity
157,neurodivergent,neurodiversity
190,neurodivergent,neurodiversity
37,neurodivergent,neurodiversity
156,neurodivergent,neurodiversity
59,neurodivergent,neurodiversity
311,neurodivergent,neurodiversity
30,neurodivergent,neurodiversity
338,neurodivergent,neurodiversity
56,neurodivergent,neurodiversity
192,neurodivergent,neurodiversity
124,neurodivergent,neurodiversity
396,neurodivergent,neurodiversity
28,neurodivergent,neurodiversity
386,neurodivergent,neurodiversity
58,neurodivergent,neurodiversity
409,neurodivergent,neurodiversity
167,neurodivergent,neurodiversity
95,neurodivergent,neurodiversity
93,neurodivergent,neurodiversity
160,neurodivergent,neurodiversity
390,neurodivergent,neurodiversity
181,neurodivergent,neurodiversity
233,neurodivergent,neurodiversity
185,neurodivergent,neurodiversity
15,neurodivergent,neurodiversity
84,neurodivergent,neurodiversity
307,neurodivergent,neurodiversity
158,neurodivergent,neurodiversity
211,neurodivergent,neurodiversity
92,neurodivergent,neurodiversity
6,neurodivergent,neurodiversity
27,neurodivergent,neurodiversity
106,neurodivergent,neurodiversity
366,neurodivergent,neurodiversity
85,neurodivergent,neurodiversity
117,neurodivergent,neurodiversity
62,neurodivergent,neurodiversity
221,neurodivergent,neurodiversity
26,neurodivergent,neurodiversity
382,neurodivergent,neurodiversity
313,neurodivergent,neurodiversity
122,neurodivergent,neurodiversity
60,neurodivergent,neurodiversity
155,neurodivergent,neurodiversity
154,neurodivergent,neurodiversity
356,neurodivergent,neurodiversity
165,neurodivergent,neurodiversity
43,neurodivergent,neurodiversity
169,neurodivergent,neurodiversity
296,neurodivergent,neurodiversity
232,neurodivergent,neurodiversity
52,neurodivergent,neurodiversity
134,neurodivergent,neurodiversity
176,neurodivergent,neurodiversity
91,neurodivergent,neurodiversity
97,neurodivergent,neurodiversity
216,neurodivergent,neurodiversity
218,neurodivergent,neurodiversity
104,neurodivergent,neurodiversity
20,neurodivergent,neurodiversity
150,neurodivergent,neurodiversity
409,changed raised baptist christian now agnostic,religion
231,ukrainian-sexual,lgbtqia
361,lives with friends,class
87,31,age
145,31,age
70,31,age
113,31,age
374,31,age
358,cisgender,lgbtqia
409,cisgender,lgbtqia
303,cisgender,lgbtqia
162,black american,race-ethnicity
409,black american,race-ethnicity
154,black american,race-ethnicity
409,female,lgbtqia
303,female,lgbtqia
87,communion,religion
87,not confirmation,religion
59,autism (self-diagnosed),neurodiversity
181,autism (self-diagnosed),neurodiversity
154,autism (self-diagnosed),neurodiversity
52,autism (self-diagnosed),neurodiversity
104,autism (self-diagnosed),neurodiversity
213,some self-diagnosis,neurodiversity
35,some self-diagnosis,neurodiversity
53,some self-diagnosis,neurodiversity
81,some self-diagnosis,neurodiversity
157,some self-diagnosis,neurodiversity
229,some self-diagnosis,neurodiversity
59,some self-diagnosis,neurodiversity
338,some self-diagnosis,neurodiversity
93,some self-diagnosis,neurodiversity
181,some self-diagnosis,neurodiversity
158,some self-diagnosis,neurodiversity
92,some self-diagnosis,neurodiversity
55,some self-diagnosis,neurodiversity
117,some self-diagnosis,neurodiversity
143,some self-diagnosis,neurodiversity
154,some self-diagnosis,neurodiversity
189,some self-diagnosis,neurodiversity
52,some self-diagnosis,neurodiversity
104,some self-diagnosis,neurodiversity
193,buddhist,religion
394,buddhist,religion
22,buddhist,religion
7,buddhist,religion
24,buddhist,religion
92,buddhist,religion
304,buddhist,religion
8,buddhist,religion
27,don't feel like i need a gender,gender
45,upper middle class family,class
45,sicilian,race-ethnicity
53,i think i am disabled,disability
193,54,age
393,white/middle eastern,race-ethnicity
111,sedentary lifestyle,class
41,black and white american,race-ethnicity
111,"\""i am expected to be the stronger one\""",gender
122,"\""not really into labels\""",gender
98,40,age
8,40,age
222,indian (south asian),race-ethnicity
122,"\""mix of both masculine and feminine energy or possibly neither\""",gender
8,believes in god,religion
52,believes in god,religion
151,yemeni,race-ethnicity
308,30,age
377,30,age
119,30,age
56,30,age
79,30,age
219,30,age
135,genderfluid,gender
143,"\""i want to the binary constructs to expand\""",gender
192,cuban,race-ethnicity
169,probably nonbinary,gender
366,sickle cell anemia,disability
175,"\""gender is not complex. either you are male or female. there is no third gender. this is a fact.\""",gender
197,gender non-confirming,gender
197,non-conforming,gender
197,not trans,gender
212,gender fluid,gender
390,gender fluid,gender
218,"\""i would like people to perceive me as genderless and have people confused when they look at me\""",gender
221,"\""just me and i am just a human and thats all that matters\""",gender
226,female by birth,gender
80,hispanic or latina,race-ethnicity
240,middle income,class
227,female identifying,gender
87,neutral,gender
112,attends eastern orthodox events,religion
231,slow,gender
234,"\""not really on board with the idea of defining gender\""",gender
234,cis-female,gender
63,autiiiismm,neurodiversity
234,"\""i really don't internalize gender in my mind",gender
234,"though. i just exist. i am a person.\""",gender
47,existentially stupid,religion
408,high middle class,class
19,provided for all the basic needs class,class
19,fails to translate or process feelings,disability
356,gender queer,gender
94,self-described,pronouns
175,self-described,pronouns
212,self-described,pronouns
100,self-described,pronouns
8,self-described,pronouns
47,self-described,pronouns
376,very privileged,class
367,self-describe,pronouns
390,self-describe,pronouns
383,50,age
390,sometimes they,pronouns
298,changed raised muslim now spiritual,religion
180,lower income class,class
301,swedish,race-ethnicity
80,diligent class,class
98,mixed class,class
301,upper middle class in home country,class
120,agnostic,religion
75,agnostic,religion
98,agnostic,religion
102,agnostic,religion
198,agnostic,religion
179,agnostic,religion
135,agnostic,religion
156,agnostic,religion
59,agnostic,religion
145,agnostic,religion
409,agnostic,religion
390,agnostic,religion
181,agnostic,religion
71,agnostic,religion
185,agnostic,religion
235,agnostic,religion
10,agnostic,religion
359,agnostic,religion
205,agnostic,religion
88,agnostic,religion
216,agnostic,religion
369,agnostic,religion
60,areligious,religion
135,nonbinary transmasc,gender
197,humanist,religion
112,lower class in another country,class
75,hard of hearing,disability
82,orthodox christian,religion
264,privileged,class
264,blessed,class
227,does not believe in organized religion,religion
227,non-denominational,religion
52,feel very different from peers,neurodiversity
221,believes energy flowing through the world,religion
63,transgender (mtf),gender
50,they,pronouns
184,they,pronouns
186,they,pronouns
198,they,pronouns
214,they,pronouns
179,they,pronouns
135,they,pronouns
206,they,pronouns
106,they,pronouns
122,they,pronouns
218,they,pronouns
221,misophonia,neurodiversity
52,neurodivergent (self-diagnosed),neurodiversity
385,respect for all religions,religion
385,panic attacks,disability
389,good opportunities,class
10,changed raised buddhist was atheist now agnostic,religion
44,upper class,class
30,upper class,class
233,upper class,class
60,upper class,class
405,hindu but not religious,religion
176,nondenominational christian,religion
176,formerly classified as asperger’s,neurodiversity
216,southeast asian,race-ethnicity
181,polyamorous,lgbtqia
373,polyamorous,lgbtqia
97,uses bible,religion
207,former catholic,religion
303,not a religious person,religion
303,tries to be a good person,religion
298,non-practicing spiritual,religion
298,she,gender
138,celebrating festivals,religion
138,respect for all life,religion
134,indian culture,religion
378,mood swings,disability
19,religious,religion
19,disabled in communicating and understanding my feelings,disability
187,trifecta,neurodiversity
9,good class,class
181,ocd (self-diagnosed),neurodiversity
104,ocd (self-diagnosed),neurodiversity
43,wicca,religion
54,25,age
1,25,age
199,25,age
306,25,age
358,25,age
96,25,age
367,25,age
331,25,age
404,25,age
69,25,age
229,25,age
295,25,age
399,25,age
311,25,age
401,25,age
183,25,age
236,25,age
76,25,age
33,25,age
382,25,age
140,25,age
52,25,age
209,25,age
212,all pronouns,pronouns
193,polynesian (samoan),race-ethnicity
179,gad,neurodiversity
191,he,pronouns
368,he,pronouns
153,he,pronouns
29,he,pronouns
48,he,pronouns
53,he,pronouns
44,he,pronouns
306,he,pronouns
68,he,pronouns
377,he,pronouns
177,he,pronouns
89,he,pronouns
96,he,pronouns
17,he,pronouns
367,he,pronouns
107,he,pronouns
309,he,pronouns
49,he,pronouns
65,he,pronouns
111,he,pronouns
149,he,pronouns
194,he,pronouns
178,he,pronouns
78,he,pronouns
77,he,pronouns
146,he,pronouns
297,he,pronouns
371,he,pronouns
394,he,pronouns
389,he,pronouns
387,he,pronouns
12,he,pronouns
69,he,pronouns
174,he,pronouns
157,he,pronouns
152,he,pronouns
41,he,pronouns
7,he,pronouns
363,he,pronouns
361,he,pronouns
119,he,pronouns
40,he,pronouns
240,he,pronouns
145,he,pronouns
30,he,pronouns
56,he,pronouns
183,he,pronouns
70,he,pronouns
124,he,pronouns
396,he,pronouns
230,he,pronouns
406,he,pronouns
138,he,pronouns
93,he,pronouns
233,he,pronouns
71,he,pronouns
15,he,pronouns
223,he,pronouns
42,he,pronouns
79,he,pronouns
51,he,pronouns
304,he,pronouns
3,he,pronouns
76,he,pronouns
16,he,pronouns
32,he,pronouns
85,he,pronouns
364,he,pronouns
62,he,pronouns
2,he,pronouns
45,he,pronouns
313,he,pronouns
133,he,pronouns
222,he,pronouns
141,he,pronouns
60,he,pronouns
168,he,pronouns
235,he,pronouns
169,he,pronouns
296,he,pronouns
189,he,pronouns
232,he,pronouns
52,he,pronouns
196,he,pronouns
201,he,pronouns
203,he,pronouns
209,he,pronouns
91,he,pronouns
136,he,pronouns
97,he,pronouns
184,pelvic floor dysfunction,disability
299,festivals,religion
93,hindu,race-ethnicity
22,51,age
169,do not currently practice or identify with a religion,religion
169,neurodivergent in one or more ways,neurodiversity
15,learning difficulty,disability
70,african/black,race-ethnicity
191,undecided,religion
191,queer/fag(got),lgbtqia
106,unitarian hermeticist,religion
106,physical disabilities,disability
106,trans-masculine,gender
128,unsure,religion
188,unsure,religion
177,gay,lgbtqia
309,gay,lgbtqia
145,gay,lgbtqia
169,gay,lgbtqia
189,gay,lgbtqia
232,gay,lgbtqia
153,christian,religion
227,christian,religion
35,christian,religion
86,christian,religion
54,christian,religion
44,christian,religion
239,christian,religion
367,christian,religion
103,christian,religion
397,christian,religion
391,christian,religion
387,christian,religion
69,christian,religion
212,christian,religion
21,christian,religion
41,christian,religion
70,christian,religion
223,christian,religion
33,christian,religion
122,christian,religion
97,christian,religion
215,christian,religion
213,adhd,neurodiversity
227,adhd,neurodiversity
35,adhd,neurodiversity
53,adhd,neurodiversity
199,adhd,neurodiversity
171,adhd,neurodiversity
63,adhd,neurodiversity
81,adhd,neurodiversity
184,adhd,neurodiversity
102,adhd,neurodiversity
105,adhd,neurodiversity
17,adhd,neurodiversity
187,adhd,neurodiversity
14,adhd,neurodiversity
392,adhd,neurodiversity
173,adhd,neurodiversity
194,adhd,neurodiversity
103,adhd,neurodiversity
378,adhd,neurodiversity
179,adhd,neurodiversity
212,adhd,neurodiversity
135,adhd,neurodiversity
363,adhd,neurodiversity
190,adhd,neurodiversity
156,adhd,neurodiversity
311,adhd,neurodiversity
30,adhd,neurodiversity
338,adhd,neurodiversity
56,adhd,neurodiversity
192,adhd,neurodiversity
124,adhd,neurodiversity
396,adhd,neurodiversity
386,adhd,neurodiversity
409,adhd,neurodiversity
167,adhd,neurodiversity
93,adhd,neurodiversity
233,adhd,neurodiversity
84,adhd,neurodiversity
158,adhd,neurodiversity
211,adhd,neurodiversity
228,adhd,neurodiversity
366,adhd,neurodiversity
117,adhd,neurodiversity
62,adhd,neurodiversity
221,adhd,neurodiversity
382,adhd,neurodiversity
313,adhd,neurodiversity
122,adhd,neurodiversity
143,adhd,neurodiversity
356,adhd,neurodiversity
165,adhd,neurodiversity
189,adhd,neurodiversity
232,adhd,neurodiversity
134,adhd,neurodiversity
176,adhd,neurodiversity
91,adhd,neurodiversity
97,adhd,neurodiversity
216,adhd,neurodiversity
20,adhd,neurodiversity
150,adhd,neurodiversity
226,german/irish,race-ethnicity
224,cis gendered female,gender
105,changed raised christian was agnostic/atheist now holds spiritualized or personalized understanding of universe,religion
224,open,lgbtqia
390,add,disability
75,caucasian,race-ethnicity
119,caucasian,race-ethnicity
338,caucasian,race-ethnicity
365,caucasian,race-ethnicity
386,caucasian,race-ethnicity
51,caucasian,race-ethnicity
403,caucasian,race-ethnicity
133,caucasian,race-ethnicity
235,caucasian,race-ethnicity
201,caucasian,race-ethnicity
338,mid-upper middle class,class
390,migraines,disability
186,believes in a higher power god,religion
186,rejects white colonialist god,religion
186,ocd,disability
186,nonbinary lesbian,lgbtqia
168,loosely christian,religion
187,afab,gender
378,sensory processing issues,neurodiversity
62,sensory processing issues,neurodiversity
87,awkward,neurodiversity
107,attends mass,religion
107,not confirmed,religion
147,culturally jewish,religion
358,catholic upbringing still impacts,religion
169,39,age
205,39,age
358,belives in god,religion
192,he/she/they,pronouns
28,he/she/they,pronouns
24,he/she/they,pronouns
221,he/she/they,pronouns
356,he/she/they,pronouns
111,way of life,religion
87,hypervigilant,neurodiversity
169,cisgender male,gender
176,cisgender male,gender
93,hypothetical class,class
66,loosely catholic,religion
90,working class,class
75,working class,class
129,working class,class
214,working class,class
174,working class,class
190,working class,class
70,working class,class
23,working class,class
154,working class,class
356,working class,class
390,46,age
212,latina,race-ethnicity
295,latina,race-ethnicity
57,latina,race-ethnicity
225,roman catholic,religion
196,roman catholic,religion
390,european ancestry,race-ethnicity
191,fluid,gender
212,fluid,gender
135,fluid,gender
390,fluid,gender
159,arthritic autoimmune disorder,disability
159,chronically ill,disability
193,diabetic,disability
193,obese,disability
27,american,race-ethnicity
379,american,race-ethnicity
224,polish,race-ethnicity
190,polish,race-ethnicity
27,polish,race-ethnicity
53,18,age
115,18,age
188,18,age
73,18,age
156,18,age
58,18,age
160,18,age
172,18,age
223,18,age
84,18,age
62,18,age
221,18,age
356,18,age
166,18,age
321,18,age
201,18,age
153,german,race-ethnicity
98,german,race-ethnicity
153,romanian,race-ethnicity
112,romanian,race-ethnicity
386,romanian,race-ethnicity
170,experiences prejudice at church,religion
226,catholic,religion
334,catholic,religion
180,catholic,religion
107,catholic,religion
173,catholic,religion
194,catholic,religion
237,catholic,religion
389,catholic,religion
87,catholic,religion
295,catholic,religion
407,catholic,religion
30,catholic,religion
381,catholic,religion
110,catholic,religion
25,catholic,religion
84,catholic,religion
307,catholic,religion
61,catholic,religion
74,catholic,religion
3,catholic,religion
26,catholic,religion
45,catholic,religion
202,catholic,religion
155,catholic,religion
201,catholic,religion
310,catholic,religion
103,dyslexia,disability
26,dyslexia,disability
307,dyslexia,neurodiversity
92,dyslexia,neurodiversity
27,dyslexia,neurodiversity
26,dyslexia,neurodiversity
122,dyslexia,neurodiversity
151,woman,gender
308,woman,gender
90,woman,gender
19,woman,gender
225,woman,gender
98,woman,gender
102,woman,gender
105,woman,gender
217,woman,gender
159,woman,gender
207,woman,gender
391,woman,gender
22,woman,gender
87,woman,gender
190,woman,gender
301,woman,gender
399,woman,gender
83,woman,gender
66,woman,gender
116,woman,gender
109,woman,gender
158,woman,gender
55,woman,gender
408,woman,gender
101,woman,gender
221,woman,gender
220,woman,gender
143,woman,gender
165,woman,gender
166,woman,gender
204,woman,gender
99,woman,gender
215,woman,gender
104,woman,gender
20,woman,gender
90,cisgender woman,gender
190,cisgender woman,gender
99,cisgender woman,gender
214,agender,gender
366,agender,gender
213,adhd (self-diagnosed),neurodiversity
35,adhd (self-diagnosed),neurodiversity
53,adhd (self-diagnosed),neurodiversity
81,adhd (self-diagnosed),neurodiversity
157,adhd (self-diagnosed),neurodiversity
93,adhd (self-diagnosed),neurodiversity
158,adhd (self-diagnosed),neurodiversity
117,adhd (self-diagnosed),neurodiversity
143,adhd (self-diagnosed),neurodiversity
189,adhd (self-diagnosed),neurodiversity
34,37,age
159,37,age
225,cis woman,gender
159,cis woman,gender
87,cis woman,gender
204,cis woman,gender
104,cis woman,gender
87,lower class,class
157,lower class,class
295,lower class,class
330,lower class,class
388,lower class,class
28,lower class,class
167,lower class,class
11,lower class,class
92,lower class,class
45,lower class,class
296,lower class,class
52,lower class,class
18,49,age
381,south asian (indian),race-ethnicity
134,south asian (indian),race-ethnicity
334,mexican american,race-ethnicity
389,mexican american,race-ethnicity
87,mexican american,race-ethnicity
174,mexican american,race-ethnicity
28,mexican american,race-ethnicity
172,mexican american,race-ethnicity
213,anxiety,disability
63,anxiety,disability
393,anxiety,disability
186,anxiety,disability
197,anxiety,disability
103,anxiety,disability
164,anxiety,disability
391,anxiety,disability
212,anxiety,disability
147,anxiety,disability
388,anxiety,disability
28,anxiety,disability
172,anxiety,disability
84,anxiety,disability
42,anxiety,disability
385,anxiety,disability
195,anxiety,disability
205,anxiety,disability
369,anxiety,disability
218,anxiety,disability
171,bipolar,disability
197,bipolar,disability
22,bipolar,disability
28,bipolar,disability
11,bipolar,disability
28,bpd,disability
184,bipolar,neurodiversity
197,bipolar,neurodiversity
28,bipolar,neurodiversity
28,bpd,neurodiversity
197,they/he,pronouns
200,catholic-light,religion
173,comfortable,class
200,diet catholic,religion
359,asian/vietnamese,race-ethnicity
233,german/white,race-ethnicity
191,queer,lgbtqia
227,queer,lgbtqia
177,queer,lgbtqia
309,queer,lgbtqia
159,queer,lgbtqia
198,queer,lgbtqia
212,queer,lgbtqia
407,queer,lgbtqia
206,queer,lgbtqia
390,queer,lgbtqia
373,queer,lgbtqia
366,queer,lgbtqia
221,queer,lgbtqia
235,queer,lgbtqia
218,queer,lgbtqia
89,36,age
72,36,age
210,36,age
87,t-rex arms,neurodiversity
84,possible autism,neurodiversity
218,possible autism,neurodiversity
78,changed raised hindu was agnostic now atheist,religion
63,neurodivergent,disability
184,neurodivergent,disability
186,neurodivergent,disability
129,neurodivergent,disability
103,neurodivergent,disability
22,neurodivergent,disability
212,neurodivergent,disability
229,neurodivergent,disability
190,neurodivergent,disability
59,neurodivergent,disability
192,neurodivergent,disability
390,neurodivergent,disability
185,neurodivergent,disability
84,neurodivergent,disability
106,neurodivergent,disability
366,neurodivergent,disability
62,neurodivergent,disability
60,neurodivergent,disability
52,neurodivergent,disability
176,neurodivergent,disability
91,neurodivergent,disability
104,neurodivergent,disability
109,psychological disability,disability
13,norwegian,race-ethnicity
177,transmasc,gender
135,transmasc,gender
177,trans,lgbtqia
179,trans,lgbtqia
34,autoimmune disorder,disability
314,autoimmune disorder,disability
205,autoimmune disorder,disability
157,filipino-wasian,race-ethnicity
366,american by way of chattel slavery descent,race-ethnicity
369,scoliosis (doesnt consider this a disability),disability
369,changed raised catholic now agnostic,religion
184,agnostic leaning christian,religion
153,wealthy,class
164,wealthy,class
224,not religious,religion
213,not religious,religion
238,not religious,religion
112,not religious,religion
199,not religious,religion
171,not religious,religion
177,not religious,religion
331,not religious,religion
376,not religious,religion
384,not religious,religion
13,not religious,religion
164,not religious,religion
212,not religious,religion
354,not religious,religion
152,not religious,religion
147,not religious,religion
399,not religious,religion
240,not religious,religion
38,not religious,religion
388,not religious,religion
28,not religious,religion
402,not religious,religion
116,not religious,religion
51,not religious,religion
228,not religious,religion
31,not religious,religion
366,not religious,religion
400,not religious,religion
344,not religious,religion
314,not religious,religion
313,not religious,religion
220,not religious,religion
161,not religious,religion
189,not religious,religion
210,not religious,religion
99,not religious,religion
191,male,gender
368,male,gender
153,male,gender
29,male,gender
53,male,gender
44,male,gender
306,male,gender
377,male,gender
177,male,gender
89,male,gender
96,male,gender
17,male,gender
107,male,gender
309,male,gender
49,male,gender
65,male,gender
111,male,gender
149,male,gender
194,male,gender
78,male,gender
146,male,gender
297,male,gender
371,male,gender
394,male,gender
389,male,gender
387,male,gender
12,male,gender
69,male,gender
174,male,gender
157,male,gender
152,male,gender
7,male,gender
361,male,gender
119,male,gender
40,male,gender
145,male,gender
30,male,gender
56,male,gender
183,male,gender
70,male,gender
124,male,gender
396,male,gender
230,male,gender
406,male,gender
93,male,gender
233,male,gender
71,male,gender
15,male,gender
42,male,gender
61,male,gender
79,male,gender
24,male,gender
3,male,gender
8,male,gender
16,male,gender
32,male,gender
85,male,gender
62,male,gender
2,male,gender
45,male,gender
313,male,gender
133,male,gender
222,male,gender
168,male,gender
235,male,gender
169,male,gender
296,male,gender
189,male,gender
232,male,gender
52,male,gender
196,male,gender
201,male,gender
203,male,gender
176,male,gender
209,male,gender
91,male,gender
136,male,gender
97,male,gender
227,depression,neurodiversity
98,depression,neurodiversity
186,depression,neurodiversity
187,depression,neurodiversity
14,depression,neurodiversity
178,depression,neurodiversity
376,depression,neurodiversity
135,depression,neurodiversity
124,depression,neurodiversity
236,depression,neurodiversity
160,depression,neurodiversity
181,depression,neurodiversity
116,depression,neurodiversity
109,depression,neurodiversity
303,depression,neurodiversity
6,depression,neurodiversity
221,depression,neurodiversity
143,depression,neurodiversity
155,depression,neurodiversity
369,depression,neurodiversity
218,depression,neurodiversity
104,depression,neurodiversity
225,western european,race-ethnicity
123,chinese/vietnamese,race-ethnicity
169,arab/middle eastern,race-ethnicity
199,ptsd,neurodiversity
179,ptsd,neurodiversity
206,ptsd,neurodiversity
368,european descent,race-ethnicity
104,depression (self-diagnosed),neurodiversity
120,anxiety,neurodiversity
213,anxiety,neurodiversity
238,anxiety,neurodiversity
227,anxiety,neurodiversity
48,anxiety,neurodiversity
50,anxiety,neurodiversity
199,anxiety,neurodiversity
81,anxiety,neurodiversity
68,anxiety,neurodiversity
98,anxiety,neurodiversity
184,anxiety,neurodiversity
186,anxiety,neurodiversity
187,anxiety,neurodiversity
94,anxiety,neurodiversity
14,anxiety,neurodiversity
173,anxiety,neurodiversity
197,anxiety,neurodiversity
198,anxiety,neurodiversity
178,anxiety,neurodiversity
188,anxiety,neurodiversity
331,anxiety,neurodiversity
376,anxiety,neurodiversity
77,anxiety,neurodiversity
384,anxiety,neurodiversity
394,anxiety,neurodiversity
64,anxiety,neurodiversity
87,anxiety,neurodiversity
135,anxiety,neurodiversity
229,anxiety,neurodiversity
7,anxiety,neurodiversity
407,anxiety,neurodiversity
156,anxiety,neurodiversity
311,anxiety,neurodiversity
365,anxiety,neurodiversity
110,anxiety,neurodiversity
124,anxiety,neurodiversity
28,anxiety,neurodiversity
66,anxiety,neurodiversity
181,anxiety,neurodiversity
116,anxiety,neurodiversity
303,anxiety,neurodiversity
42,anxiety,neurodiversity
304,anxiety,neurodiversity
6,anxiety,neurodiversity
27,anxiety,neurodiversity
117,anxiety,neurodiversity
221,anxiety,neurodiversity
143,anxiety,neurodiversity
155,anxiety,neurodiversity
161,anxiety,neurodiversity
235,anxiety,neurodiversity
189,anxiety,neurodiversity
134,anxiety,neurodiversity
97,anxiety,neurodiversity
216,anxiety,neurodiversity
369,anxiety,neurodiversity
218,anxiety,neurodiversity
104,anxiety,neurodiversity
112,"as a neurodivgerent person experiences \""being my normal self\""",neurodiversity
164,neurological condition,disability
378,asthma,disability
390,asthma,disability
51,asthma,disability
51,chronic pain,disability
106,chronic pain,disability
204,chronic pain,disability
44,add,neurodiversity
95,add,neurodiversity
390,add,neurodiversity
27,add,neurodiversity
376,lesbian,lgbtqia
214,lesbian,lgbtqia
179,lesbian,lgbtqia
380,lesbian,lgbtqia
301,lesbian,lgbtqia
211,lesbian,lgbtqia
356,lesbian,lgbtqia
38,jain identity,religion
34,christianity,religion
39,christianity,religion
191,undecided or in transition,pronouns
394,anxiety attacks,neurodiversity
104,depression (self-diagnosed),disability
177,biracial,race-ethnicity
135,biracial,race-ethnicity
41,biracial,race-ethnicity
193,poor,class
102,poor,class
105,poor,class
409,poor,class
313,poor,class
391,more spiritual than religious,religion
175,attack helicopter,pronouns
197,demisexual,lgbtqia
181,demisexual,lgbtqia
160,singaporean american,race-ethnicity
8,never use pronouns for myself,pronouns
403,eastern european,race-ethnicity
143,upper working class,class
208,asian-pakistani,race-ethnicity
136,native american/nahuatl/hispanic,race-ethnicity
2,52,age
380,none,religion
298,32,age
325,32,age
207,32,age
405,32,age
346,32,age
235,32,age
296,32,age
369,32,age
150,32,age
90,albanian-american,race-ethnicity
121,asian indian,race-ethnicity
28,mestizo,race-ethnicity
95,very good class,class
97,christian community,religion
209,north african,race-ethnicity
96,deep history,race-ethnicity
155,allergies,disability
235,non-believer,religion
299,medium,class
378,bi-curious,lgbtqia
170,well-off,class
170,person of color,race-ethnicity
198,korean american,race-ethnicity
170,low class,race-ethnicity
170,64,age
170,baby boomer,age
174,raised catholic now spiritually aware,religion
174,seasonal affective disorder,disability
358,raised catholic,religion
211,raised catholic,religion
133,38,age
190,slovak,race-ethnicity
75,invisible/hidden disability,disability
154,invisible/hidden disability,disability
223,black/ african/nigerian american,race-ethnicity
120,asian-american,race-ethnicity
184,slavic,race-ethnicity
377,cisgender,gender
164,cisgender,gender
197,barely middle class,class
100,he/they,pronouns
59,he/they,pronouns
58,he/they,pronouns
6,he/they,pronouns
82,he/they,pronouns
176,he/they,pronouns
216,he/they,pronouns
8,complicated class,class
8,african asian american,race-ethnicity
185,ukrainian,race-ethnicity
227,asexual,lgbtqia
167,asexual,lgbtqia
160,asexual,lgbtqia
204,asexual,lgbtqia
200,35,age
303,35,age
15,35,age
308,japanese,race-ethnicity
48,jewish,religion
178,jewish,religion
321,jewish,religion
339,jewish,religion
209,jewish,religion
179,mdd,neurodiversity
1,pakistani,race-ethnicity
311,filipino,race-ethnicity
311,kanaka maoli,race-ethnicity
311,lithuanian,race-ethnicity
379,taiwanese,race-ethnicity
80,mixed-heritage,race-ethnicity
88,jewish ancestry,race-ethnicity
77,calvinist christian,religion
94,russian and lithuania ancestry,race-ethnicity
97,reads scripture,religion
373,41,age
310,41,age
224,bisexual,lgbtqia
213,bisexual,lgbtqia
162,bisexual,lgbtqia
171,bisexual,lgbtqia
184,bisexual,lgbtqia
187,bisexual,lgbtqia
208,bisexual,lgbtqia
404,bisexual,lgbtqia
212,bisexual,lgbtqia
190,bisexual,lgbtqia
167,bisexual,lgbtqia
160,bisexual,lgbtqia
373,bisexual,lgbtqia
158,bisexual,lgbtqia
366,bisexual,lgbtqia
143,bisexual,lgbtqia
154,bisexual,lgbtqia
202,able-presenting,disability
14,asian american,race-ethnicity
378,asian american,race-ethnicity
312,asian american,race-ethnicity
113,asian american,race-ethnicity
112,mental health condition(s),disability
14,mental health condition(s),disability
173,mental health condition(s),disability
147,mental health condition(s),disability
388,mental health condition(s),disability
386,mental health condition(s),disability
43,mental health condition(s),disability
169,mental health condition(s),disability
210,mental health condition(s),disability
142,hinduism,religion
47,biology,pronouns
239,asian/malayalee,race-ethnicity
94,jewish,race-ethnicity
209,jewish,race-ethnicity
96,culturally diverse,race-ethnicity
236,indian/south asian,race-ethnicity
106,cash poor,class
7,ethnic minority from northeast china,race-ethnicity
27,decent support system class,class
174,ptsd,disability
176,ptsd,disability
161,latinx,race-ethnicity
165,arab,race-ethnicity
165,libyan,race-ethnicity
407,physical disability (chronic illness that when flared joints hurt and may not be able to walk),disability
407,female presenting,gender
407,pan,lgbtqia
2,believes in karma,religion
2,type 2 diabetic,disability
362,decent class,class
136,cyclothymia,neurodiversity
94,genderqueer,gender
58,genderqueer,gender
226,gen x,age
193,gen x,age
225,gen x,age
237,gen x,age
22,gen x,age
383,gen x,age
234,gen x,age
390,gen x,age
74,gen x,age
379,gen x,age
2,gen x,age
202,gen x,age
99,gen x,age
379,58,age
367,good,class
387,good,class
363,south asian/indian,race-ethnicity
91,pakistani/south asian,race-ethnicity
24,petite bourgeoisie,class
377,filipino american,race-ethnicity
195,fairly well off,class
297,white/arab,race-ethnicity
94,pronoun-agnostic,pronouns
203,upper middle class (economic),class
177,half filipino,race-ethnicity
177,half white,race-ethnicity
177,mixed race,race-ethnicity
77,afrikaner,race-ethnicity
397,african-american/black,race-ethnicity
217,compares status in mexico and the u.s.,class
407,asian/filipino,race-ethnicity
203,middle class (social),class
380,white/albanian-american,race-ethnicity
224,cis,gender
213,cis,gender
90,cis,gender
225,cis,gender
377,cis,gender
159,cis,gender
78,cis,gender
376,cis,gender
378,cis,gender
164,cis,gender
391,cis,gender
87,cis,gender
157,cis,gender
190,cis,gender
234,cis,gender
373,cis,gender
57,cis,gender
211,cis,gender
143,cis,gender
10,cis,gender
169,cis,gender
52,cis,gender
203,cis,gender
204,cis,gender
176,cis,gender
205,cis,gender
99,cis,gender
104,cis,gender
123,government assistance,class
409,government assistance,class
298,ally,lgbtqia
170,ally,lgbtqia
384,ally,lgbtqia
229,ally,lgbtqia
156,ally,lgbtqia
396,ally,lgbtqia
222,ally,lgbtqia
155,ally,lgbtqia
203,ally,lgbtqia
216,ally,lgbtqia
369,ally,lgbtqia
409,audhd,neurodiversity
106,audhd,neurodiversity
46,hearing loss,disability
27,change averse,neurodiversity
27,nervous,neurodiversity
27,cunty robot,gender
27,don't care,gender
372,gen y,age
338,gen y,age
27,don't know,gender
55,something going on,neurodiversity
143,nigerian-american,race-ethnicity
122,descent from slaves,race-ethnicity
122,middle upper class,class
389,italian/mexican,race-ethnicity
191,19,age
326,19,age
63,19,age
180,19,age
208,19,age
46,19,age
214,19,age
371,19,age
64,19,age
174,19,age
157,19,age
41,19,age
190,19,age
100,19,age
330,19,age
30,19,age
181,19,age
42,19,age
6,19,age
55,19,age
82,19,age
339,19,age
335,19,age
176,19,age
218,19,age
20,19,age
298,middle eastern,race-ethnicity
303,middle eastern,race-ethnicity
209,middle eastern,race-ethnicity
207,white/caucasian,race-ethnicity
166,white/caucasian,race-ethnicity
192,physical disability,disability
192,connective tissue disorder (eds),disability
192,learning disability,disability
192,feminine,gender
410,loose christian,religion
51,trans man,gender
177,trans,gender
135,trans,gender
59,trans,gender
51,trans,gender
106,trans,gender
43,trans,gender
94,any pronouns,pronouns
27,any pronouns,pronouns
366,african by way of nigerian descent,race-ethnicity
124,agnostic muslim,religion
124,developmental coordination disorder,disability
124,dyspraxia,neurodiversity
124,spd,neurodiversity
230,speech disability,disability
182,42,age
74,47,age
224,changed raised catholic now not religious,religion
116,changed raised catholic now not religious,religion
23,palestinian,race-ethnicity
51,puerto rican,race-ethnicity
182,poor white trash,class
234,chinese (mongolian),race-ethnicity
385,paycheck to paycheck,class
103,east asian,race-ethnicity
385,kannada,race-ethnicity
385,south indian,race-ethnicity
143,igbo,race-ethnicity
377,no longer religious,religion
79,no longer religious,religion
34,crohn's disease,disability
377,crohn's disease,disability
79,crohn's disease,disability
63,depression,disability
186,depression,disability
378,depression,disability
87,depression,disability
388,depression,disability
160,depression,disability
172,depression,disability
79,depression,disability
359,depression,disability
369,depression,disability
218,depression,disability
399,working middle class,class
188,higher middle class,class
189,higher middle class,class
188,anxiety (self-diagnosed),neurodiversity
189,anxiety (self-diagnosed),neurodiversity
386,changed raised eastern orthodox now not religious,religion
406,hindhu,religion
206,executive functioning issues,neurodiversity
206,hypervigilance,neurodiversity
30,italian,race-ethnicity
185,italian,race-ethnicity
58,pagan practices,religion
212,sensory issues,neurodiversity
58,asynchronous (brain) development,neurodiversity
58,gifted kid,neurodiversity
58,not properly diagnosed,neurodiversity
81,hispanic/latinx,race-ethnicity
372,low income,class
212,low income,class
403,low income,class
152,normal,class
391,cis-woman,gender
143,cis-woman,gender
37,persian-american,race-ethnicity
99,european american,race-ethnicity
94,33,age
65,33,age
197,33,age
9,33,age
21,33,age
348,33,age
409,33,age
66,33,age
393,islamic,religion
338,adhd (self-diagnosed,neurodiversity
164,filipino-chinese,race-ethnicity
224,irish,race-ethnicity
98,irish,race-ethnicity
13,irish,race-ethnicity
190,irish,race-ethnicity
59,irish,race-ethnicity
311,irish,race-ethnicity
234,irish,race-ethnicity
36,irish,race-ethnicity
176,irish,race-ethnicity
135,white-passing/racially ambiguous,race-ethnicity
366,black & african-american,race-ethnicity
307,latin,race-ethnicity
16,india/hindu/brown,race-ethnicity
36,recovering catholic,religion
17,mexican/latino,race-ethnicity
382,high income,class
160,taoist,religion
112,zillennial,age
1,zillennial,age
199,zillennial,age
358,zillennial,age
96,zillennial,age
217,zillennial,age
367,zillennial,age
331,zillennial,age
384,zillennial,age
404,zillennial,age
297,zillennial,age
387,zillennial,age
12,zillennial,age
69,zillennial,age
229,zillennial,age
295,zillennial,age
147,zillennial,age
407,zillennial,age
399,zillennial,age
311,zillennial,age
401,zillennial,age
386,zillennial,age
236,zillennial,age
76,zillennial,age
366,zillennial,age
33,zillennial,age
408,zillennial,age
400,zillennial,age
382,zillennial,age
140,zillennial,age
52,zillennial,age
209,zillennial,age
136,zillennial,age
216,zillennial,age
160,schizoid,neurodiversity
120,lower middle class,class
227,lower middle class,class
86,lower middle class,class
239,lower middle class,class
177,lower middle class,class
334,lower middle class,class
89,lower middle class,class
184,lower middle class,class
105,lower middle class,class
17,lower middle class,class
72,lower middle class,class
178,lower middle class,class
208,lower middle class,class
320,lower middle class,class
103,lower middle class,class
331,lower middle class,class
5,lower middle class,class
69,lower middle class,class
354,lower middle class,class
37,lower middle class,class
407,lower middle class,class
100,lower middle class,class
83,lower middle class,class
39,lower middle class,class
110,lower middle class,class
396,lower middle class,class
66,lower middle class,class
223,lower middle class,class
57,lower middle class,class
61,lower middle class,class
370,lower middle class,class
366,lower middle class,class
113,lower middle class,class
221,lower middle class,class
82,lower middle class,class
154,lower middle class,class
161,lower middle class,class
43,lower middle class,class
169,lower middle class,class
321,lower middle class,class
335,lower middle class,class
176,lower middle class,class
136,lower middle class,class
210,lower middle class,class
218,lower middle class,class
104,lower middle class,class
160,depressive personality disorder,neurodiversity
29,asian,race-ethnicity
35,asian,race-ethnicity
54,asian,race-ethnicity
398,asian,race-ethnicity
19,asian,race-ethnicity
300,asian,race-ethnicity
309,asian,race-ethnicity
392,asian,race-ethnicity
78,asian,race-ethnicity
372,asian,race-ethnicity
164,asian,race-ethnicity
9,asian,race-ethnicity
387,asian,race-ethnicity
405,asian,race-ethnicity
145,asian,race-ethnicity
388,asian,race-ethnicity
230,asian,race-ethnicity
402,asian,race-ethnicity
406,asian,race-ethnicity
108,asian,race-ethnicity
25,asian,race-ethnicity
109,asian,race-ethnicity
92,asian,race-ethnicity
228,asian,race-ethnicity
142,asian,race-ethnicity
370,asian,race-ethnicity
3,asian,race-ethnicity
33,asian,race-ethnicity
219,asian,race-ethnicity
101,asian,race-ethnicity
2,asian,race-ethnicity
141,asian,race-ethnicity
165,asian,race-ethnicity
10,asian,race-ethnicity
189,asian,race-ethnicity
203,asian,race-ethnicity
79,filipino-american,race-ethnicity
2,filipino-american,race-ethnicity
369,filipino-american,race-ethnicity
181,legally blind,disability
181,visually impaired,disability
25,not practicing,religion
309,cis male,gender
78,cis male,gender
157,cis male,gender
203,cis male,gender
44,21,age
90,21,age
163,21,age
102,21,age
105,21,age
187,21,age
13,21,age
179,21,age
40,21,age
211,21,age
161,21,age
165,21,age
168,21,age
189,21,age
238,south asian,race-ethnicity
1,south asian,race-ethnicity
118,south asian,race-ethnicity
149,south asian,race-ethnicity
361,south asian,race-ethnicity
124,south asian,race-ethnicity
32,south asian,race-ethnicity
385,south asian,race-ethnicity
224,female,gender
226,female,gender
120,female,gender
193,female,gender
213,female,gender
200,female,gender
238,female,gender
162,female,gender
227,female,gender
35,female,gender
86,female,gender
54,female,gender
112,female,gender
1,female,gender
398,female,gender
199,female,gender
171,female,gender
182,female,gender
75,female,gender
239,female,gender
34,female,gender
98,female,gender
180,female,gender
358,female,gender
393,female,gender
163,female,gender
118,female,gender
187,female,gender
14,female,gender
392,female,gender
144,female,gender
170,female,gender
173,female,gender
188,female,gender
208,female,gender
237,female,gender
103,female,gender
376,female,gender
362,female,gender
372,female,gender
378,female,gender
384,female,gender
13,female,gender
46,female,gender
404,female,gender
123,female,gender
9,female,gender
299,female,gender
397,female,gender
5,female,gender
391,female,gender
380,female,gender
354,female,gender
21,female,gender
229,female,gender
295,female,gender
147,female,gender
73,female,gender
405,female,gender
156,female,gender
121,female,gender
311,female,gender
381,female,gender
234,female,gender
38,female,gender
365,female,gender
39,female,gender
110,female,gender
388,female,gender
386,female,gender
402,female,gender
236,female,gender
312,female,gender
409,female,gender
95,female,gender
36,female,gender
160,female,gender
108,female,gender
25,female,gender
67,female,gender
172,female,gender
185,female,gender
303,female,gender
373,female,gender
84,female,gender
307,female,gender
11,female,gender
57,female,gender
92,female,gender
142,female,gender
370,female,gender
31,female,gender
219,female,gender
403,female,gender
117,female,gender
379,female,gender
400,female,gender
23,female,gender
382,female,gender
314,female,gender
202,female,gender
155,female,gender
161,female,gender
10,female,gender
339,female,gender
195,female,gender
134,female,gender
205,female,gender
88,female,gender
210,female,gender
310,female,gender
369,female,gender
150,female,gender
224,20,age
227,20,age
48,20,age
81,20,age
225,20,age
184,20,age
186,20,age
198,20,age
376,20,age
212,20,age
354,20,age
167,20,age
185,20,age
57,20,age
61,20,age
91,20,age
151,islam,religion
1,islam,religion
118,islam,religion
111,islam,religion
208,islam,religion
146,islam,religion
23,islam,religion
165,islam,religion
91,islam,religion
29,muslim,religion
1,muslim,religion
68,muslim,religion
118,muslim,religion
65,muslim,religion
149,muslim,religion
297,muslim,religion
343,muslim,religion
348,believes in higher power,religion
172,raised christian now atheist,religion
72,virtue/signaling,pronouns
185,aroace,lgbtqia
104,between agnostic and atheism,religion
224,white/hispanic,race-ethnicity
178,white/hispanic,race-ethnicity
384,black-nigerian,race-ethnicity
87,autism in family,disability
59,autism in family,disability
184,high blood pressure,disability
2,changed raised roman catholic now spiritual,religion
57,cis-gender,gender
57,cis-gender female,gender
158,catholic community,religion
211,not practicing anymore,religion
186,lower to middle class,class
24,yogacara school,religion
24,does not know,neurodiversity
24,very nervous,neurodiversity
24,poor mental resilience,neurodiversity
92,dyslexia (self-diagnosed),neurodiversity
20,type 1 diabetic,disability
59,english-american,race-ethnicity
217,non-religious,religion
197,non-religious,religion
370,non-religious,religion
154,non-religious,religion
232,non-religious,religion
213,27,age
35,27,age
171,27,age
68,27,age
17,27,age
78,27,age
394,27,age
7,27,age
338,27,age
396,27,age
108,27,age
24,27,age
92,27,age
304,27,age
16,27,age
106,27,age
385,27,age
122,27,age
232,27,age
203,27,age
86,african american,race-ethnicity
68,african american,race-ethnicity
144,african american,race-ethnicity
214,african american,race-ethnicity
348,african american,race-ethnicity
167,african american,race-ethnicity
122,african american,race-ethnicity
150,african american,race-ethnicity
105,black,race-ethnicity
214,black,race-ethnicity
391,black,race-ethnicity
21,black,race-ethnicity
41,black,race-ethnicity
122,black,race-ethnicity
143,black,race-ethnicity
52,black,race-ethnicity
18,precarious,class
354,mexican-american,race-ethnicity
110,mexican-american,race-ethnicity
206,mexican-american,race-ethnicity
310,mexican-american,race-ethnicity
6,satanist,religion
168,black/african american,race-ethnicity
404,vietnamese,race-ethnicity
10,vietnamese,race-ethnicity
69,black/african,race-ethnicity
238,kinda low,class
344,immigrant,race-ethnicity
231,pimp'n on a budget,class
231,african-american,race-ethnicity
344,polish-cuban,race-ethnicity
234,not religious since mother died,religion
29,south asia,race-ethnicity
98,pagan lens,religion
76,strong belief in dharma karma reincarnation,religion
372,chinese,race-ethnicity
181,chinese,race-ethnicity
379,chinese,race-ethnicity
296,hmong,race-ethnicity
358,black/african-american,race-ethnicity
164,xennial,age
32,interconnectedness,religion
370,changed raised jehovah's witness now non-religious,religion
100,white (serbian),race-ethnicity
344,single parent,class
409,disadvantaged,class
146,decent,class
50,hispanic,race-ethnicity
325,hispanic,race-ethnicity
180,hispanic,race-ethnicity
217,hispanic,race-ethnicity
194,hispanic,race-ethnicity
237,hispanic,race-ethnicity
174,hispanic,race-ethnicity
343,hispanic,race-ethnicity
192,hispanic,race-ethnicity
110,hispanic,race-ethnicity
61,hispanic,race-ethnicity
158,hispanic,race-ethnicity
51,hispanic,race-ethnicity
408,hispanic,race-ethnicity
344,hispanic,race-ethnicity
58,mixed chamorro (guamanian),race-ethnicity
176,scottish-american,race-ethnicity
85,white/mixed,race-ethnicity
205,european-american,race-ethnicity
85,orthodox christianity,religion
85,hyper-sanity,disability
85,hyper-awareness,disability
85,schizophrenic,neurodiversity
224,mexican,race-ethnicity
217,mexican,race-ethnicity
237,mexican,race-ethnicity
396,mexican,race-ethnicity
408,mexican,race-ethnicity
356,mexican,race-ethnicity
76,not that religious,religion
141,not that religious,religion
379,soulful,religion
379,deepness,religion
379,connected,religion
100,orthodox,religion
76,diverse ethnic,race-ethnicity
164,44,age
202,44,age
99,44,age
62,open,religion
199,she/they,pronouns
63,she/they,pronouns
81,she/they,pronouns
13,she/they,pronouns
64,she/they,pronouns
87,she/they,pronouns
407,she/they,pronouns
160,she/they,pronouns
390,she/they,pronouns
181,she/they,pronouns
142,she/they,pronouns
366,she/they,pronouns
154,she/they,pronouns
20,she/they,pronouns
31,south-asian,race-ethnicity
372,immigrant parents,class
371,immigrant parents,class
369,immigrant parents,class
151,upper middle class,class
226,upper middle class,class
200,upper middle class,class
298,upper middle class,class
128,upper middle class,class
171,upper middle class,class
325,upper middle class,class
225,upper middle class,class
34,upper middle class,class
14,upper middle class,class
49,upper middle class,class
207,upper middle class,class
78,upper middle class,class
328,upper middle class,class
77,upper middle class,class
378,upper middle class,class
13,upper middle class,class
371,upper middle class,class
175,upper middle class,class
179,upper middle class,class
12,upper middle class,class
121,upper middle class,class
381,upper middle class,class
192,upper middle class,class
410,upper middle class,class
230,upper middle class,class
206,upper middle class,class
58,upper middle class,class
406,upper middle class,class
312,upper middle class,class
36,upper middle class,class
160,upper middle class,class
25,upper middle class,class
67,upper middle class,class
71,upper middle class,class
42,upper middle class,class
158,upper middle class,class
51,upper middle class,class
6,upper middle class,class
55,upper middle class,class
16,upper middle class,class
379,upper middle class,class
220,upper middle class,class
205,upper middle class,class
210,upper middle class,class
99,upper middle class,class
20,upper middle class,class
14,possible bipolar,neurodiversity
15,dyslexic,neurodiversity
48,classy,class
208,upper lower class,class
378,changed raised jewish now jew-ish,religion
190,premenstrual dysphoric disorder (pmdd),disability
53,mixed white/latino,race-ethnicity
75,changed raised christian now agnostic,religion
129,changed raised christian now agnostic,religion
238,23,age
75,23,age
111,23,age
389,23,age
301,23,age
121,23,age
410,23,age
110,23,age
230,23,age
402,23,age
138,23,age
95,23,age
93,23,age
36,23,age
67,23,age
116,23,age
51,23,age
142,23,age
23,23,age
364,23,age
314,23,age
222,23,age
231,23,age
154,23,age
10,23,age
97,23,age
5,umbrella of spiritual levels,religion
218,helps others,religion
218,kindness,religion
202,neurologically disabled,disability
218,genderless,gender
140,animist,religion
314,vietnamese american,race-ethnicity
394,manchu,race-ethnicity
24,manchu,race-ethnicity
304,manchu,race-ethnicity
97,asian (india),race-ethnicity
55,undiagnosed,neurodiversity
16,changed raised hindu now atheist,religion
203,changed raised hindu now atheist,religion
143,attends church,religion
143,changed raised protestant christian now spiritual,religion
143,not sure if disabled or not,disability
356,invisible/hidden disability (physical),disability
206,queer,gender
181,queer,gender
356,queer,gender
104,anxiety (self-diagnosed),disability
191,gen z,age
224,gen z,age
151,gen z,age
368,gen z,age
264,gen z,age
238,gen z,age
227,gen z,age
86,gen z,age
48,gen z,age
50,gen z,age
357,gen z,age
53,gen z,age
398,gen z,age
326,gen z,age
90,gen z,age
63,gen z,age
81,gen z,age
75,gen z,age
239,gen z,age
115,gen z,age
334,gen z,age
180,gen z,age
184,gen z,age
163,gen z,age
349,gen z,age
102,gen z,age
186,gen z,age
187,gen z,age
14,gen z,age
392,gen z,age
111,gen z,age
149,gen z,age
173,gen z,age
194,gen z,age
198,gen z,age
129,gen z,age
320,gen z,age
376,gen z,age
378,gen z,age
13,gen z,age
46,gen z,age
146,gen z,age
299,gen z,age
214,gen z,age
371,gen z,age
175,gen z,age
179,gen z,age
389,gen z,age
380,gen z,age
64,gen z,age
212,gen z,age
354,gen z,age
174,gen z,age
135,gen z,age
41,gen z,age
190,gen z,age
361,gen z,age
301,gen z,age
156,gen z,age
100,gen z,age
59,gen z,age
330,gen z,age
240,gen z,age
30,gen z,age
381,gen z,age
83,gen z,age
302,gen z,age
365,gen z,age
192,gen z,age
410,gen z,age
110,gen z,age
124,gen z,age
388,gen z,age
230,gen z,age
206,gen z,age
402,gen z,age
406,gen z,age
167,gen z,age
95,gen z,age
36,gen z,age
160,gen z,age
181,gen z,age
67,gen z,age
172,gen z,age
185,gen z,age
109,gen z,age
303,gen z,age
223,gen z,age
84,gen z,age
42,gen z,age
11,gen z,age
57,gen z,age
158,gen z,age
51,gen z,age
211,gen z,age
228,gen z,age
142,gen z,age
370,gen z,age
3,gen z,age
345,gen z,age
27,gen z,age
32,gen z,age
403,gen z,age
117,gen z,age
23,gen z,age
364,gen z,age
62,gen z,age
221,gen z,age
314,gen z,age
313,gen z,age
220,gen z,age
222,gen z,age
141,gen z,age
155,gen z,age
231,gen z,age
154,gen z,age
356,gen z,age
161,gen z,age
165,gen z,age
168,gen z,age
166,gen z,age
10,gen z,age
321,gen z,age
339,gen z,age
189,gen z,age
335,gen z,age
134,gen z,age
201,gen z,age
176,gen z,age
91,gen z,age
215,gen z,age
218,gen z,age
104,gen z,age
20,gen z,age
224,she,pronouns
151,she,pronouns
226,she,pronouns
120,she,pronouns
213,she,pronouns
200,she,pronouns
238,she,pronouns
162,she,pronouns
227,she,pronouns
298,she,pronouns
35,she,pronouns
86,she,pronouns
54,she,pronouns
112,she,pronouns
308,she,pronouns
1,she,pronouns
398,she,pronouns
90,she,pronouns
19,she,pronouns
171,she,pronouns
182,she,pronouns
75,she,pronouns
225,she,pronouns
239,she,pronouns
34,she,pronouns
98,she,pronouns
80,she,pronouns
180,she,pronouns
358,she,pronouns
393,she,pronouns
163,she,pronouns
102,she,pronouns
105,she,pronouns
118,she,pronouns
217,she,pronouns
187,she,pronouns
14,she,pronouns
392,she,pronouns
144,she,pronouns
159,she,pronouns
170,she,pronouns
173,she,pronouns
188,she,pronouns
207,she,pronouns
208,she,pronouns
237,she,pronouns
103,she,pronouns
376,she,pronouns
362,she,pronouns
372,she,pronouns
378,she,pronouns
384,she,pronouns
46,she,pronouns
404,she,pronouns
164,she,pronouns
123,she,pronouns
9,she,pronouns
299,she,pronouns
397,she,pronouns
5,she,pronouns
391,she,pronouns
380,she,pronouns
22,she,pronouns
21,she,pronouns
229,she,pronouns
295,she,pronouns
147,she,pronouns
73,she,pronouns
190,she,pronouns
405,she,pronouns
301,she,pronouns
156,she,pronouns
121,she,pronouns
399,she,pronouns
311,she,pronouns
381,she,pronouns
83,she,pronouns
234,she,pronouns
38,she,pronouns
365,she,pronouns
39,she,pronouns
110,she,pronouns
388,she,pronouns
386,she,pronouns
402,she,pronouns
236,she,pronouns
312,she,pronouns
409,she,pronouns
167,she,pronouns
95,she,pronouns
66,she,pronouns
36,she,pronouns
108,she,pronouns
25,she,pronouns
67,she,pronouns
172,she,pronouns
185,she,pronouns
116,she,pronouns
109,she,pronouns
303,she,pronouns
373,she,pronouns
84,she,pronouns
307,she,pronouns
11,she,pronouns
57,she,pronouns
74,she,pronouns
158,she,pronouns
211,she,pronouns
92,she,pronouns
228,she,pronouns
370,she,pronouns
55,she,pronouns
31,she,pronouns
33,she,pronouns
219,she,pronouns
403,she,pronouns
408,she,pronouns
117,she,pronouns
101,she,pronouns
379,she,pronouns
400,she,pronouns
23,she,pronouns
113,she,pronouns
26,she,pronouns
382,she,pronouns
314,she,pronouns
385,she,pronouns
220,she,pronouns
202,she,pronouns
143,she,pronouns
155,she,pronouns
161,she,pronouns
165,she,pronouns
166,she,pronouns
43,she,pronouns
10,she,pronouns
339,she,pronouns
195,she,pronouns
134,she,pronouns
204,she,pronouns
205,she,pronouns
88,she,pronouns
210,she,pronouns
99,she,pronouns
215,she,pronouns
369,she,pronouns
104,she,pronouns
150,she,pronouns
104,autism (self-diagnosed),disability
231,torr browser,gender
191,white,race-ethnicity
368,white,race-ethnicity
226,white,race-ethnicity
213,white,race-ethnicity
200,white,race-ethnicity
153,white,race-ethnicity
227,white,race-ethnicity
298,white,race-ethnicity
48,white,race-ethnicity
112,white,race-ethnicity
128,white,race-ethnicity
44,white,race-ethnicity
199,white,race-ethnicity
171,white,race-ethnicity
63,white,race-ethnicity
182,white,race-ethnicity
325,white,race-ethnicity
225,white,race-ethnicity
115,white,race-ethnicity
180,white,race-ethnicity
89,white,race-ethnicity
184,white,race-ethnicity
163,white,race-ethnicity
186,white,race-ethnicity
187,white,race-ethnicity
94,white,race-ethnicity
107,white,race-ethnicity
49,white,race-ethnicity
159,white,race-ethnicity
173,white,race-ethnicity
197,white,race-ethnicity
188,white,race-ethnicity
129,white,race-ethnicity
328,white,race-ethnicity
331,white,race-ethnicity
376,white,race-ethnicity
13,white,race-ethnicity
46,white,race-ethnicity
179,white,race-ethnicity
64,white,race-ethnicity
22,white,race-ethnicity
229,white,race-ethnicity
73,white,race-ethnicity
190,white,race-ethnicity
301,white,race-ethnicity
156,white,race-ethnicity
234,white,race-ethnicity
192,white,race-ethnicity
410,white,race-ethnicity
58,white,race-ethnicity
390,white,race-ethnicity
25,white,race-ethnicity
67,white,race-ethnicity
71,white,race-ethnicity
185,white,race-ethnicity
116,white,race-ethnicity
303,white,race-ethnicity
15,white,race-ethnicity
373,white,race-ethnicity
84,white,race-ethnicity
307,white,race-ethnicity
42,white,race-ethnicity
158,white,race-ethnicity
211,white,race-ethnicity
6,white,race-ethnicity
27,white,race-ethnicity
408,white,race-ethnicity
400,white,race-ethnicity
221,white,race-ethnicity
45,white,race-ethnicity
313,white,race-ethnicity
346,white,race-ethnicity
202,white,race-ethnicity
140,white,race-ethnicity
60,white,race-ethnicity
82,white,race-ethnicity
155,white,race-ethnicity
356,white,race-ethnicity
161,white,race-ethnicity
165,white,race-ethnicity
43,white,race-ethnicity
235,white,race-ethnicity
339,white,race-ethnicity
232,white,race-ethnicity
195,white,race-ethnicity
335,white,race-ethnicity
196,white,race-ethnicity
176,white,race-ethnicity
205,white,race-ethnicity
88,white,race-ethnicity
210,white,race-ethnicity
99,white,race-ethnicity
215,white,race-ethnicity
218,white,race-ethnicity
104,white,race-ethnicity
20,white,race-ethnicity
117,indian-american,race-ethnicity
376,latino,race-ethnicity
396,latino,race-ethnicity
102,middle eastern or white,race-ethnicity
34,panamanian,race-ethnicity
234,tbi-related long-term memory encoding deficits,neurodiversity
43,trans woman,gender
234,traumatic brain injury,neurodiversity
234,unaffiliated,lgbtqia
43,pagan,religion
59,trans masculine,gender
234,non-hodgkin's lymphoma,disability
234,memory encoding issues,disability
234,traumatic brain injury,disability
165,don’t follow all of the daily rituals and customs,religion
165,moderately islam,religion
191,lgbtqia+,lgbtqia
224,lgbtqia+,lgbtqia
162,lgbtqia+,lgbtqia
227,lgbtqia+,lgbtqia
199,lgbtqia+,lgbtqia
171,lgbtqia+,lgbtqia
177,lgbtqia+,lgbtqia
184,lgbtqia+,lgbtqia
186,lgbtqia+,lgbtqia
187,lgbtqia+,lgbtqia
309,lgbtqia+,lgbtqia
159,lgbtqia+,lgbtqia
197,lgbtqia+,lgbtqia
198,lgbtqia+,lgbtqia
188,lgbtqia+,lgbtqia
376,lgbtqia+,lgbtqia
378,lgbtqia+,lgbtqia
404,lgbtqia+,lgbtqia
214,lgbtqia+,lgbtqia
179,lgbtqia+,lgbtqia
380,lgbtqia+,lgbtqia
212,lgbtqia+,lgbtqia
174,lgbtqia+,lgbtqia
157,lgbtqia+,lgbtqia
190,lgbtqia+,lgbtqia
301,lgbtqia+,lgbtqia
407,lgbtqia+,lgbtqia
145,lgbtqia+,lgbtqia
192,lgbtqia+,lgbtqia
206,lgbtqia+,lgbtqia
167,lgbtqia+,lgbtqia
160,lgbtqia+,lgbtqia
390,lgbtqia+,lgbtqia
181,lgbtqia+,lgbtqia
185,lgbtqia+,lgbtqia
373,lgbtqia+,lgbtqia
158,lgbtqia+,lgbtqia
211,lgbtqia+,lgbtqia
366,lgbtqia+,lgbtqia
221,lgbtqia+,lgbtqia
154,lgbtqia+,lgbtqia
356,lgbtqia+,lgbtqia
235,lgbtqia+,lgbtqia
169,lgbtqia+,lgbtqia
189,lgbtqia+,lgbtqia
232,lgbtqia+,lgbtqia
204,lgbtqia+,lgbtqia
215,lgbtqia+,lgbtqia
218,lgbtqia+,lgbtqia
50,nonbinary,gender
81,nonbinary,gender
184,nonbinary,gender
186,nonbinary,gender
94,nonbinary,gender
198,nonbinary,gender
214,nonbinary,gender
179,nonbinary,gender
64,nonbinary,gender
135,nonbinary,gender
100,nonbinary,gender
206,nonbinary,gender
28,nonbinary,gender
181,nonbinary,gender
6,nonbinary,gender
106,nonbinary,gender
122,nonbinary,gender
154,nonbinary,gender
169,nonbinary,gender
218,nonbinary,gender
166,exposure to a wide range of christian faiths,religion
165,hyperactive,neurodiversity
166,nondenominational,religion
20,orthodox-christian,religion
153,29,age
19,29,age
107,29,age
320,29,age
397,29,age
152,29,age
37,29,age
312,29,age
25,29,age
101,29,age
143,29,age
296,"\""consider myself relatively normal\""",neurodiversity
52,contamination ocd,disability
52,misophonia,disability
52,cis-male,gender
128,34,age
144,34,age
39,34,age
47,34,age
344,34,age
195,unitarian universalist,religion
19,spiritual,religion
17,spiritual,religion
362,spiritual,religion
164,spiritual,religion
87,spiritual,religion
135,spiritual,religion
407,spiritual,religion
396,spiritual,religion
167,spiritual,religion
66,spiritual,religion
366,spiritual,religion
221,spiritual,religion
122,spiritual,religion
143,spiritual,religion
161,spiritual,religion
134,panic attacks,neurodiversity
112,26,age
300,26,age
217,26,age
49,26,age
384,26,age
297,26,age
387,26,age
147,26,age
38,26,age
28,26,age
386,26,age
71,26,age
408,26,age
400,26,age
45,26,age
60,26,age
359,26,age
88,26,age
136,26,age
216,26,age
201,unclassified,lgbtqia
120,millennial,age
213,millennial,age
200,millennial,age
153,millennial,age
162,millennial,age
298,millennial,age
35,millennial,age
308,millennial,age
19,millennial,age
171,millennial,age
68,millennial,age
182,millennial,age
325,millennial,age
300,millennial,age
34,millennial,age
98,millennial,age
89,millennial,age
393,millennial,age
17,millennial,age
118,millennial,age
94,millennial,age
107,millennial,age
309,millennial,age
49,millennial,age
144,millennial,age
159,millennial,age
197,millennial,age
178,millennial,age
207,millennial,age
320,millennial,age
78,millennial,age
328,millennial,age
362,millennial,age
372,millennial,age
123,millennial,age
9,millennial,age
397,millennial,age
5,millennial,age
394,millennial,age
391,millennial,age
87,millennial,age
21,millennial,age
152,millennial,age
363,millennial,age
405,millennial,age
119,millennial,age
56,millennial,age
38,millennial,age
348,millennial,age
39,millennial,age
70,millennial,age
396,millennial,age
28,millennial,age
312,millennial,age
409,millennial,age
25,millennial,age
71,millennial,age
15,millennial,age
373,millennial,age
307,millennial,age
79,millennial,age
92,millennial,age
304,millennial,age
8,millennial,age
16,millennial,age
106,millennial,age
85,millennial,age
219,millennial,age
344,millennial,age
113,millennial,age
45,millennial,age
385,millennial,age
122,millennial,age
346,millennial,age
133,millennial,age
60,millennial,age
143,millennial,age
374,millennial,age
43,millennial,age
235,millennial,age
169,millennial,age
359,millennial,age
296,millennial,age
232,millennial,age
195,millennial,age
203,millennial,age
205,millennial,age
88,millennial,age
210,millennial,age
369,millennial,age
150,millennial,age
191,middle class,class
224,middle class,class
162,middle class,class
29,middle class,class
35,middle class,class
54,middle class,class
50,middle class,class
308,middle class,class
1,middle class,class
357,middle class,class
53,middle class,class
398,middle class,class
199,middle class,class
68,middle class,class
300,middle class,class
377,middle class,class
358,middle class,class
393,middle class,class
96,middle class,class
118,middle class,class
217,middle class,class
187,middle class,class
94,middle class,class
107,middle class,class
309,middle class,class
392,middle class,class
65,middle class,class
111,middle class,class
144,middle class,class
159,middle class,class
194,middle class,class
198,middle class,class
237,middle class,class
384,middle class,class
46,middle class,class
404,middle class,class
123,middle class,class
297,middle class,class
397,middle class,class
394,middle class,class
391,middle class,class
389,middle class,class
380,middle class,class
64,middle class,class
22,middle class,class
21,middle class,class
135,middle class,class
41,middle class,class
229,middle class,class
7,middle class,class
147,middle class,class
73,middle class,class
405,middle class,class
40,middle class,class
156,middle class,class
311,middle class,class
383,middle class,class
330,middle class,class
145,middle class,class
302,middle class,class
234,middle class,class
343,middle class,class
38,middle class,class
365,middle class,class
401,middle class,class
348,middle class,class
183,middle class,class
124,middle class,class
386,middle class,class
236,middle class,class
312,middle class,class
138,middle class,class
18,middle class,class
93,middle class,class
108,middle class,class
390,middle class,class
181,middle class,class
172,middle class,class
185,middle class,class
116,middle class,class
109,middle class,class
303,middle class,class
15,middle class,class
84,middle class,class
307,middle class,class
74,middle class,class
79,middle class,class
211,middle class,class
92,middle class,class
228,middle class,class
142,middle class,class
304,middle class,class
3,middle class,class
76,middle class,class
31,middle class,class
106,middle class,class
32,middle class,class
33,middle class,class
85,middle class,class
47,middle class,class
219,middle class,class
117,middle class,class
101,middle class,class
400,middle class,class
364,middle class,class
26,middle class,class
2,middle class,class
314,middle class,class
385,middle class,class
346,middle class,class
133,middle class,class
202,middle class,class
140,middle class,class
222,middle class,class
141,middle class,class
155,middle class,class
165,middle class,class
168,middle class,class
166,middle class,class
235,middle class,class
10,middle class,class
339,middle class,class
359,middle class,class
296,middle class,class
196,middle class,class
201,middle class,class
204,middle class,class
205,middle class,class
209,middle class,class
88,middle class,class
91,middle class,class
97,middle class,class
310,middle class,class
215,middle class,class
216,middle class,class
369,middle class,class
150,middle class,class
204,reform jewish athiest,religion
231,ae,pronouns
229,agnostic beliefs,religion
229,add (self-diagnosed),disability
229,add (self-diagnosed),neurodiversity
309,agnosticism,religion
205,culturally catholic,religion
87,has trauma,neurodiversity
97,teachings of jesus christ,religion
97,uses prayer,religion
41,mixed,race-ethnicity
210,changed raised catholic was evangelical now not religious,religion
210,not currently religious,religion
210,despite diagnosed mental health condition(s) does not describe as disabled (feels that belittles those with true disabilities),disability
216,leans atheist,religion
216,mental illness,disability
216,clinical depression,neurodiversity
216,cptsd,neurodiversity
135,mentally ill,neurodiversity
170,dominant,religion
170,mainstream,religion
218,good neighbor,religion
218,helps at church,religion